plan_kodu,yerel_kod,yerel_ad,grup_kod,not
VUK_TDHP,100,Kasa,1010,
VUK_TDHP,102,Bankalar,1010,
VUK_TDHP,108,Diğer Hazır Değerler,1010,
VUK_TDHP,120,Alıcılar,1020,
VUK_TDHP,121,Alacak Senetleri,1020,
VUK_TDHP,128,Şüpheli Ticari Alacaklar,1020,
VUK_TDHP,133,Bağlı Ortaklıklardan Alacaklar,1025,Grup içi
VUK_TDHP,150,İlk Madde ve Malzeme,1030,
VUK_TDHP,151,Yarı Mamuller,1030,
VUK_TDHP,152,Mamuller,1030,
VUK_TDHP,153,Ticari Mallar,1030,
VUK_TDHP,180,Gelecek Aylara Ait Giderler,1040,
VUK_TDHP,191,İndirilecek KDV,1040,
VUK_TDHP,253,Tesis Makine ve Cihazlar,1510,
VUK_TDHP,254,Taşıtlar,1510,
VUK_TDHP,255,Demirbaşlar,1510,
VUK_TDHP,257,Birikmiş Amortismanlar,1520,
VUK_TDHP,260,Haklar,1530,
VUK_TDHP,300,Banka Kredileri,2020,
VUK_TDHP,320,Satıcılar,2010,
VUK_TDHP,321,Borç Senetleri,2010,
VUK_TDHP,333,Bağlı Ortaklıklara Borçlar,2015,Grup içi
VUK_TDHP,335,Personele Borçlar,2030,
VUK_TDHP,360,Ödenecek Vergi ve Fonlar,2040,
VUK_TDHP,361,Ödenecek Sosyal Güvenlik Kesintileri,2030,
VUK_TDHP,391,Hesaplanan KDV,2040,
VUK_TDHP,400,Uzun Vadeli Banka Kredileri,2510,
VUK_TDHP,472,Kıdem Tazminatı Karşılığı,2520,
VUK_TDHP,500,Sermaye,3010,
VUK_TDHP,520,Hisse Senedi İhraç Primleri,3020,
VUK_TDHP,570,Geçmiş Yıllar Kârları,3030,
VUK_TDHP,600,Yurtiçi Satışlar,4010,
VUK_TDHP,601,Yurtdışı Satışlar,4020,
VUK_TDHP,602,Grup İçi Satışlar,4025,Grup içi
VUK_TDHP,610,Satıştan İadeler,4090,
VUK_TDHP,611,Satış İskontoları,4090,
VUK_TDHP,620,Satılan Mamuller Maliyeti,5010,
VUK_TDHP,621,Satılan Ticari Mallar Maliyeti,5010,
VUK_TDHP,622,Grup İçi Alımların Maliyeti,5025,Grup içi
VUK_TDHP,760,Pazarlama Satış ve Dağıtım Giderleri,6030,
VUK_TDHP,770.01,Genel Yönetim - Personel,6010,7/A alt kırılım
VUK_TDHP,770.02,Genel Yönetim - Kira,6020,7/A alt kırılım
VUK_TDHP,770.03,Genel Yönetim - Danışmanlık,6060,7/A alt kırılım
VUK_TDHP,770.04,Genel Yönetim - Diğer,6040,7/A alt kırılım
VUK_TDHP,780,Finansman Giderleri,7020,
VUK_TDHP,642,Faiz Gelirleri,7010,
VUK_TDHP,646,Kambiyo Kârları,7030,
VUK_TDHP,656,Kambiyo Zararları,7030,
VUK_TDHP,257.9,Dönem Amortisman Gideri,6050,
VUK_TDHP,691,Dönem Kârı Vergi Karşılıkları,8010,
SKR04,1600,Kasse,1010,
SKR04,1800,Bank,1010,
SKR04,1200,Forderungen aus Lieferungen und Leistungen,1020,
SKR04,1210,Forderungen gegen verbundene Unternehmen,1025,Grup içi
SKR04,1140,Waren,1030,
SKR04,1370,Aktive Rechnungsabgrenzung,1040,
SKR04,0650,Betriebs- und Geschäftsausstattung,1510,
SKR04,0520,Fuhrpark,1510,
SKR04,0690,Kumulierte Abschreibungen,1520,
SKR04,3300,Verbindlichkeiten aus Lieferungen und Leistungen,2010,
SKR04,3310,Verbindlichkeiten gegen verbundene Unternehmen,2015,Grup içi
SKR04,3500,Verbindlichkeiten gegenüber Kreditinstituten,2020,
SKR04,3720,Verbindlichkeiten aus Lohn und Gehalt,2030,
SKR04,3800,Umsatzsteuer,2040,
SKR04,3550,Langfristige Bankverbindlichkeiten,2510,
SKR04,3970,Pensionsrückstellungen,2520,
SKR04,2000,Gezeichnetes Kapital,3010,
SKR04,2100,Kapitalrücklage,3020,
SKR04,2970,Gewinnvortrag,3030,
SKR04,4000,Umsatzerlöse Inland,4010,
SKR04,4400,Umsatzerlöse Ausland,4020,
SKR04,4450,Umsatzerlöse verbundene Unternehmen,4025,Grup içi
SKR04,4700,Erlösschmälerungen,4090,
SKR04,5200,Wareneinsatz,5010,
SKR04,5250,Wareneinsatz verbundene Unternehmen,5025,Grup içi
SKR04,6000,Löhne und Gehälter,6010,
SKR04,6310,Miete,6020,
SKR04,6600,Werbekosten,6030,
SKR04,6800,Sonstige betriebliche Aufwendungen,6040,
SKR04,6825,Rechts- und Beratungskosten,6060,
SKR04,6200,Abschreibungen,6050,
SKR04,7100,Zinserträge,7010,
SKR04,7300,Zinsaufwendungen,7020,
SKR04,7500,Währungsdifferenzen,7030,
SKR04,7600,Steuern vom Einkommen und Ertrag,8010,
UK_COA,1200,Bank Current Account,1010,
UK_COA,1210,Petty Cash,1010,
UK_COA,1100,Trade Debtors,1020,
UK_COA,1110,Intercompany Debtors,1025,Grup içi
UK_COA,1001,Stock,1030,
UK_COA,1103,Prepayments,1040,
UK_COA,0050,Office Equipment,1510,
UK_COA,0051,Accumulated Depreciation,1520,
UK_COA,2100,Trade Creditors,2010,
UK_COA,2110,Intercompany Creditors,2015,Grup içi
UK_COA,2300,Bank Loan,2020,
UK_COA,2220,Net Wages Control,2030,
UK_COA,2200,Sales Tax Control,2040,
UK_COA,2310,Long Term Bank Loan,2510,
UK_COA,2330,Provisions,2520,
UK_COA,3000,Ordinary Shares,3010,
UK_COA,3010,Share Premium,3020,
UK_COA,3200,Profit and Loss Account,3030,
UK_COA,4000,Sales - UK,4010,
UK_COA,4010,Sales - Export,4020,
UK_COA,4020,Sales - Intercompany,4025,Grup içi
UK_COA,4009,Discounts Allowed,4090,
UK_COA,5000,Cost of Sales,5010,
UK_COA,5010,Cost of Sales - Intercompany,5025,Grup içi
UK_COA,7000,Gross Wages,6010,
UK_COA,7100,Rent,6020,
UK_COA,6200,Advertising,6030,
UK_COA,7500,Office Costs,6040,
UK_COA,7600,Legal and Professional,6060,
UK_COA,8000,Depreciation,6050,
UK_COA,7901,Bank Interest Received,7010,
UK_COA,7900,Bank Interest Paid,7020,
UK_COA,7906,Exchange Rate Variance,7030,
UK_COA,8500,Corporation Tax,8010,
# --- TDHP tam ana hesap seti (gercek mizanlar icin) ---
VUK_TDHP,101,"Alınan Çekler",1010,
VUK_TDHP,103,"Verilen Çekler ve Ödeme Emirleri (-)",1010,
VUK_TDHP,110,"Hisse Senetleri",1040,
VUK_TDHP,111,"Özel Kesim Tahvil, Senet ve Bonoları",1040,
VUK_TDHP,112,"Kamu Kesimi Tahvil, Senet ve Bonoları",1040,
VUK_TDHP,118,"Diğer Menkul Kıymetler",1040,
VUK_TDHP,119,"Menkul Kıymetler Değer Düşüklüğü Karşılığı (-)",1040,
VUK_TDHP,122,"Alacak Senetleri Reeskontu (-)",1020,
VUK_TDHP,124,"Kazanılmamış Finansal Kiralama Faiz Gelirleri (-)",1020,
VUK_TDHP,126,"Verilen Depozito ve Teminatlar",1040,
VUK_TDHP,127,"Diğer Ticari Alacaklar",1020,
VUK_TDHP,129,"Şüpheli Ticari Alacaklar Karşılığı (-)",1020,
VUK_TDHP,131,"Ortaklardan Alacaklar",1040,
VUK_TDHP,132,"İştiraklerden Alacaklar",1025,
VUK_TDHP,135,"Personelden Alacaklar",1040,
VUK_TDHP,136,"Diğer Çeşitli Alacaklar",1040,
VUK_TDHP,137,"Diğer Alacak Senetleri Reeskontu (-)",1040,
VUK_TDHP,138,"Şüpheli Diğer Alacaklar",1040,
VUK_TDHP,139,"Şüpheli Diğer Alacaklar Karşılığı (-)",1040,
VUK_TDHP,157,"Diğer Stoklar",1030,
VUK_TDHP,158,"Stok Değer Düşüklüğü Karşılığı (-)",1030,
VUK_TDHP,159,"Verilen Sipariş Avansları",1040,
VUK_TDHP,170,"Yıllara Yaygın İnşaat ve Onarım Maliyetleri",1030,
VUK_TDHP,181,"Gelir Tahakkukları",1040,
VUK_TDHP,190,"Devreden Katma Değer Vergisi",1040,
VUK_TDHP,192,"Diğer KDV",1040,
VUK_TDHP,193,"Peşin Ödenen Vergiler ve Fonlar",1040,
VUK_TDHP,195,"İş Avansları",1040,
VUK_TDHP,196,"Personel Avansları",1040,
VUK_TDHP,197,"Sayım ve Tesellüm Noksanları",1040,
VUK_TDHP,198,"Diğer Çeşitli Dönen Varlıklar",1040,
VUK_TDHP,220,"Alıcılar (Uzun Vadeli)",1040,
VUK_TDHP,221,"Alacak Senetleri (Uzun Vadeli)",1040,
VUK_TDHP,226,"Verilen Depozito ve Teminatlar (Uzun Vadeli)",1550,
VUK_TDHP,240,"Bağlı Menkul Kıymetler",1550,
VUK_TDHP,242,"İştirakler",1550,
VUK_TDHP,245,"Bağlı Ortaklıklar",1550,
VUK_TDHP,250,"Arazi ve Arsalar",1510,
VUK_TDHP,251,"Yer Altı ve Yer Üstü Düzenleri",1510,
VUK_TDHP,252,"Binalar",1510,
VUK_TDHP,256,"Diğer Maddi Duran Varlıklar",1510,
VUK_TDHP,258,"Yapılmakta Olan Yatırımlar",1510,
VUK_TDHP,259,"Verilen Avanslar (Duran Varlık)",1510,
VUK_TDHP,261,"Şerefiye",1530,
VUK_TDHP,262,"Kuruluş ve Örgütlenme Giderleri",1530,
VUK_TDHP,263,"Araştırma ve Geliştirme Giderleri",1530,
VUK_TDHP,264,"Özel Maliyetler",1530,
VUK_TDHP,267,"Diğer Maddi Olmayan Duran Varlıklar",1530,
VUK_TDHP,268,"Birikmiş Amortismanlar (-) [MODV]",1520,
VUK_TDHP,271,"Arama Giderleri",1550,
VUK_TDHP,280,"Gelecek Yıllara Ait Giderler",1550,
VUK_TDHP,281,"Gelir Tahakkukları (Uzun Vadeli)",1550,
VUK_TDHP,291,"Gelecek Yıllarda İndirilecek KDV",1550,
VUK_TDHP,293,"Gelecek Yıllar İhtiyacı Stoklar",1550,
VUK_TDHP,294,"Elden Çıkarılacak Stoklar ve Maddi Duran Varlıklar",1550,
VUK_TDHP,295,"Peşin Ödenen Vergiler ve Fonlar (Uzun Vadeli)",1550,
VUK_TDHP,297,"Diğer Çeşitli Duran Varlıklar",1550,
VUK_TDHP,298,"Stok Değer Düşüklüğü Karşılığı (-) [Duran]",1550,
VUK_TDHP,299,"Birikmiş Amortismanlar (-) [Diğer]",1520,
VUK_TDHP,303,"Uzun Vadeli Kredilerin Anapara Taksitleri ve Faizleri",2020,
VUK_TDHP,304,"Tahvil Anapara Borç Taksit ve Faizleri",2020,
VUK_TDHP,305,"Çıkarılmış Bonolar ve Senetler",2020,
VUK_TDHP,309,"Diğer Mali Borçlar",2020,
VUK_TDHP,322,"Borç Senetleri Reeskontu (-)",2010,
VUK_TDHP,326,"Alınan Depozito ve Teminatlar",2010,
VUK_TDHP,329,"Diğer Ticari Borçlar",2010,
VUK_TDHP,331,"Ortaklara Borçlar",2010,
VUK_TDHP,332,"İştiraklere Borçlar",2015,
VUK_TDHP,336,"Diğer Çeşitli Borçlar",2010,
VUK_TDHP,337,"Diğer Borç Senetleri Reeskontu (-)",2010,
VUK_TDHP,340,"Alınan Sipariş Avansları",2050,
VUK_TDHP,349,"Alınan Diğer Avanslar",2050,
VUK_TDHP,350,"Yıllara Yaygın İnşaat ve Onarım Hakedişleri",2010,
VUK_TDHP,368,"Vadesi Geçmiş, Ertelenmiş veya Taksitlendirilmiş Yükümlülükler",2040,
VUK_TDHP,369,"Ödenecek Diğer Yükümlülükler",2040,
VUK_TDHP,370,"Dönem Kârı Vergi ve Yasal Yükümlülük Karşılıkları",2040,
VUK_TDHP,371,"Dönem Kârının Peşin Ödenen Vergi ve Yükümlülükleri (-)",2040,
VUK_TDHP,372,"Kıdem Tazminatı Karşılığı (Kısa Vadeli)",2030,
VUK_TDHP,373,"Maliyet Giderleri Karşılığı",2010,
VUK_TDHP,379,"Diğer Borç ve Gider Karşılıkları",2010,
VUK_TDHP,380,"Gelecek Aylara Ait Gelirler",2010,
VUK_TDHP,381,"Gider Tahakkukları",2010,
VUK_TDHP,392,"Diğer KDV (Pasif)",2040,
VUK_TDHP,393,"Merkez ve Şubeler Cari Hesabı",2015,
VUK_TDHP,397,"Sayım ve Tesellüm Fazlaları",2010,
VUK_TDHP,399,"Diğer Çeşitli Yabancı Kaynaklar",2010,
VUK_TDHP,405,"Çıkarılmış Tahviller",2510,
VUK_TDHP,409,"Diğer Mali Borçlar (Uzun Vadeli)",2510,
VUK_TDHP,420,"Satıcılar (Uzun Vadeli)",2510,
VUK_TDHP,421,"Borç Senetleri (Uzun Vadeli)",2510,
VUK_TDHP,426,"Alınan Depozito ve Teminatlar (Uzun Vadeli)",2510,
VUK_TDHP,431,"Ortaklara Borçlar (Uzun Vadeli)",2530,
VUK_TDHP,432,"İştiraklere Borçlar (Uzun Vadeli)",2530,
VUK_TDHP,433,"Bağlı Ortaklıklara Borçlar (Uzun Vadeli)",2530,
VUK_TDHP,436,"Diğer Çeşitli Borçlar (Uzun Vadeli)",2530,
VUK_TDHP,438,"Kamuya Olan Ertelenmiş veya Taksitlendirilmiş Borçlar",2510,
VUK_TDHP,440,"Alınan Sipariş Avansları (Uzun Vadeli)",2510,
VUK_TDHP,479,"Diğer Borç ve Gider Karşılıkları (Uzun Vadeli)",2520,
VUK_TDHP,480,"Gelecek Yıllara Ait Gelirler",2510,
VUK_TDHP,481,"Gider Tahakkukları (Uzun Vadeli)",2510,
VUK_TDHP,492,"Gelecek Yıllara Ertelenmiş veya Terkin Edilecek KDV",2510,
VUK_TDHP,493,"Tesise Katılma Payları",2510,
VUK_TDHP,499,"Diğer Çeşitli Uzun Vadeli Yabancı Kaynaklar",2510,
VUK_TDHP,501,"Ödenmemiş Sermaye (-)",3010,
VUK_TDHP,502,"Sermaye Düzeltmesi Olumlu Farkları",3020,
VUK_TDHP,503,"Sermaye Düzeltmesi Olumsuz Farkları (-)",3020,
VUK_TDHP,521,"Hisse Senedi İptal Kârları",3020,
VUK_TDHP,522,"Maddi Duran Varlık Yeniden Değerleme Artışları",3020,
VUK_TDHP,523,"İştirakler Yeniden Değerleme Artışları",3020,
VUK_TDHP,529,"Diğer Sermaye Yedekleri",3020,
VUK_TDHP,540,"Yasal Yedekler",3025,
VUK_TDHP,541,"Statü Yedekleri",3025,
VUK_TDHP,542,"Olağanüstü Yedekler",3025,
VUK_TDHP,548,"Diğer Kâr Yedekleri",3025,
VUK_TDHP,549,"Özel Fonlar",3025,
VUK_TDHP,580,"Geçmiş Yıllar Zararları (-)",3030,
VUK_TDHP,590,"Dönem Net Kârı",3030,
VUK_TDHP,591,"Dönem Net Zararı (-)",3030,
VUK_TDHP,612,"Diğer İndirimler (-)",4090,
VUK_TDHP,623,"Diğer Satışların Maliyeti (-)",5010,
VUK_TDHP,630,"Araştırma ve Geliştirme Giderleri (-)",6060,
VUK_TDHP,631,"Pazarlama, Satış ve Dağıtım Giderleri (-)",6030,
VUK_TDHP,632,"Genel Yönetim Giderleri (-)",6040,
VUK_TDHP,640,"İştiraklerden Temettü Gelirleri",7010,
VUK_TDHP,641,"Bağlı Ortaklıklardan Temettü Gelirleri",7010,
VUK_TDHP,643,"Komisyon Gelirleri",7040,
VUK_TDHP,644,"Konusu Kalmayan Karşılıklar",7040,
VUK_TDHP,645,"Menkul Kıymet Satış Kârları",7040,
VUK_TDHP,647,"Reeskont Faiz Gelirleri",7010,
VUK_TDHP,649,"Diğer Olağan Gelir ve Kârlar",7040,
VUK_TDHP,653,"Komisyon Giderleri (-)",7050,
VUK_TDHP,654,"Karşılık Giderleri (-)",7050,
VUK_TDHP,655,"Menkul Kıymet Satış Zararları (-)",7050,
VUK_TDHP,657,"Reeskont Faiz Giderleri (-)",7020,
VUK_TDHP,659,"Diğer Olağan Gider ve Zararlar (-)",7050,
VUK_TDHP,660,"Kısa Vadeli Borçlanma Giderleri (-)",7020,
VUK_TDHP,661,"Uzun Vadeli Borçlanma Giderleri (-)",7020,
VUK_TDHP,671,"Önceki Dönem Gelir ve Kârları",7040,
VUK_TDHP,679,"Diğer Olağandışı Gelir ve Kârlar",7040,
VUK_TDHP,680,"Çalışmayan Kısım Gider ve Zararları (-)",7050,
VUK_TDHP,681,"Önceki Dönem Gider ve Zararları (-)",7050,
VUK_TDHP,689,"Diğer Olağandışı Gider ve Zararlar (-)",7050,
VUK_TDHP,690,"Dönem Kârı veya Zararı",3030,
VUK_TDHP,692,"Dönem Net Kârı veya Zararı",3030,
VUK_TDHP,697,"Yıllara Yaygın İnşaat ve Onarım Hakediş Bedelleri",4010,
VUK_TDHP,698,"Enflasyon Düzeltme Hesabı",3020,
VUK_TDHP,710,"7/A maliyet hesabı 710",7900,
VUK_TDHP,711,"7/A maliyet hesabı 711",7900,
VUK_TDHP,712,"7/A maliyet hesabı 712",7900,
VUK_TDHP,713,"7/A maliyet hesabı 713",7900,
VUK_TDHP,720,"7/A maliyet hesabı 720",7900,
VUK_TDHP,721,"7/A maliyet hesabı 721",7900,
VUK_TDHP,722,"7/A maliyet hesabı 722",7900,
VUK_TDHP,723,"7/A maliyet hesabı 723",7900,
VUK_TDHP,730,"7/A maliyet hesabı 730",7900,
VUK_TDHP,731,"7/A maliyet hesabı 731",7900,
VUK_TDHP,732,"7/A maliyet hesabı 732",7900,
VUK_TDHP,733,"7/A maliyet hesabı 733",7900,
VUK_TDHP,740,"7/A maliyet hesabı 740",7900,
VUK_TDHP,741,"7/A maliyet hesabı 741",7900,
VUK_TDHP,742,"7/A maliyet hesabı 742",7900,
VUK_TDHP,743,"7/A maliyet hesabı 743",7900,
VUK_TDHP,750,"7/A maliyet hesabı 750",7900,
VUK_TDHP,751,"7/A maliyet hesabı 751",7900,
VUK_TDHP,752,"7/A maliyet hesabı 752",7900,
VUK_TDHP,753,"7/A maliyet hesabı 753",7900,
VUK_TDHP,761,"7/A maliyet hesabı 761",7900,
VUK_TDHP,762,"7/A maliyet hesabı 762",7900,
VUK_TDHP,763,"7/A maliyet hesabı 763",7900,
VUK_TDHP,770,"7/A maliyet hesabı 770",7900,
VUK_TDHP,771,"7/A maliyet hesabı 771",7900,
VUK_TDHP,772,"7/A maliyet hesabı 772",7900,
VUK_TDHP,773,"7/A maliyet hesabı 773",7900,
VUK_TDHP,781,"7/A maliyet hesabı 781",7900,
VUK_TDHP,782,"7/A maliyet hesabı 782",7900,
VUK_TDHP,783,"7/A maliyet hesabı 783",7900,
VUK_TDHP,790,"7/A maliyet hesabı 790",7900,
VUK_TDHP,791,"7/A maliyet hesabı 791",7900,
VUK_TDHP,792,"7/A maliyet hesabı 792",7900,
VUK_TDHP,793,"7/A maliyet hesabı 793",7900,
VUK_TDHP,794,"7/A maliyet hesabı 794",7900,
VUK_TDHP,795,"7/A maliyet hesabı 795",7900,
VUK_TDHP,796,"7/A maliyet hesabı 796",7900,
VUK_TDHP,797,"7/A maliyet hesabı 797",7900,
VUK_TDHP,798,"7/A maliyet hesabı 798",7900,
